,ZETA,U Bar of 0.75,A of 0.75,B of 0.75
0,0.0,0.0,-0.17837406022619662,0.0
1,0.0998003992015968,0.03842760473073592,-0.17835147222520867,0.0002541875129702396
2,0.1996007984031936,0.07666208260327814,-0.17802966601102027,0.0007603250994989671
3,0.29940119760479045,0.11451202936316521,-0.1774954615792114,0.0015978902673219261
4,0.3992015968063872,0.15178946417328446,-0.17675212946555952,0.0027577766772865888
5,0.499001996007984,0.1883115057445056,-0.1758042141842172,0.004227467750050316
6,0.5988023952095809,0.22390199565622507,-0.17465746807851495,0.005991184724870976
7,0.6986027944111777,0.25839305580004274,-0.173318785733112,0.008030111509110238
8,0.7984031936127745,0.29162656204261717,-0.17179612588688234,0.010322667347839971
9,0.8982035928143712,0.32345551605397327,-0.17009842149552648,0.012844821884056029
10,0.998003992015968,0.3537452970854389,-0.16823547925992713,0.015570447931675831
11,1.0978043912175648,0.3823747756316449,-0.166217870129966,0.01847170654744971
12,1.1976047904191618,0.4092372715124595,-0.16405681246051487,0.021519458042797528
13,1.2974051896207586,0.43424134007248044,-0.1617640496497836,0.02468369162829102
14,1.3972055888223553,0.4573113719984759,-0.15935172421834606,0.0279339655241883
15,1.4970059880239521,0.47838799474231697,-0.15683225037862758,0.031239848677107163
16,1.596806387225549,0.49742826670795653,-0.15421818719005012,0.034571354767658644
17,1.6966067864271457,0.514405659165169,-0.15152211438724533,0.03789935904004756
18,1.7964071856287425,0.5293098251873095,-0.14875651290326267,0.04119598868064624
19,1.8962075848303392,0.542146159624819,-0.14593365198513494,0.04443497804547957
20,1.996007984031936,0.5529351590277348,-0.14306548461753738,0.04759198098752965
21,2.095808383233533,0.5617115952976506,-0.14016355273706557,0.05064483383643455
22,2.1956087824351296,0.5685235214467994,-0.13723890344353495,0.053573764180197776
23,2.2954091816367264,0.573431131937028,-0.1343020171069841,0.05636154241115757
24,2.3952095808383236,0.576505503454055,-0.13136274794291114,0.05899357492874852
25,2.4950099800399204,0.577827244470892,-0.12843027729773643,0.0614579398318414
26,2.594810379241517,0.5774850834477993,-0.12551307956549648,0.06374536777575271
27,2.694610778443114,0.5755744259461303,-0.12261890035816504,0.06584917231465984
28,2.7944111776447107,0.5721959103035235,-0.11975474628669461,0.06776513541784131
29,2.8942115768463075,0.5674539898958288,-0.11692688548627955,0.06949135488006816
30,2.9940119760479043,0.5614555675170428,-0.1141408578430018,0.07102806101157691
31,3.093812375249501,0.5543087042069166,-0.11140149375252158,0.07237741028751983
32,3.193612774451098,0.5461214211388059,-0.10871294016460982,0.07354326358166798
33,3.2934131736526946,0.5370006091527457,-0.10607869263742889,0.07453095624594601
34,3.3932135728542914,0.5270510563840487,-0.10350163213792626,0.07534706668228061
35,3.493013972055888,0.5163746003826896,-0.1009840653734718,0.07599918925073855
36,3.592814371257485,0.5050694073057893,-0.0985277675180525,0.07649571643471549
37,3.6926147704590817,0.4932293773226439,-0.09613402629672926,0.0768456342036198
38,3.7924151696606785,0.48094367239211155,-0.09380368650758662,0.07705833353251317
39,3.8922155688622753,0.46829636011081505,-0.09153719418449584,0.07714344010309246
40,3.992015968063872,0.45536616540971697,-0.0893346397308566,0.07711066335658955
41,4.091816367265469,0.44222632048759114,-0.08719579947919734,0.0769696653206454
42,4.191616766467066,0.42894450248094684,-0.08512017525020771,0.07672994900243503
43,4.291417165668663,0.41558284793077616,-0.08310703159455146,0.07640076563359259
44,4.391217564870259,0.40219803305605556,-0.08115543049969337,0.07599103966576345
45,4.491017964071856,0.38884140911449094,-0.07926426343083164,0.07550931014036744
46,4.590818363273453,0.37555918265446314,-0.07743228064942059,0.07496368688020802
47,4.69061876247505,0.3623926311726201,-0.07565811781483218,0.07436181985965808
48,4.790419161676647,0.34937834552907043,-0.07394031992500763,0.07371088008930986
49,4.8902195608782435,0.3365484913838777,-0.07227736269137366,0.07301755038550309
50,4.990019960079841,0.3239310828597478,-0.07066767147292177,0.0722880244713585
51,5.089820359281437,0.311550262570893,-0.06910963791536252,0.071528012961646
52,5.189620758483034,0.29942658305868264,-0.06760163445488977,0.07074275490853023
53,5.289421157684631,0.28757728552087924,-0.0661420268535171,0.06993703372028041
54,5.389221556886228,0.2760165724991903,-0.06472918493530655,0.06911519640346983
55,5.489021956087824,0.26475587189149025,-0.06336149169113094,0.06828117521569262
56,5.588822355289421,0.2538040902768469,-0.06203735091481463,0.06743851094648401
57,5.688622754491018,0.2431678540833712,-0.060755193526386565,0.06659037716624801
58,5.788423153692615,0.23285173759384586,-0.05951348272943687,0.06573960489487937
59,5.888223552894211,0.22285847717637008,-0.05831071813976561,0.06488870724251986
60,5.9880239520958085,0.2131891714531332,-0.057145439012115114,0.06403990366423569
61,6.087824351297405,0.20384346738591155,-0.056016226681158326,0.06319514354852819
62,6.187624750499002,0.1948197324692097,-0.054921706322364164,0.06235612892700208
63,6.287425149700598,0.1861152133876824,-0.05386054812809568,0.06152433614994288
64,6.387225548902196,0.17772618162012319,-0.0528314679844769,0.06070103642085322
65,6.487025948103793,0.16964806656380713,-0.05183322772529788,0.059887315123086926
66,6.586826347305389,0.1618755768161256,-0.050864635030585074,0.0590840899045315
67,6.686626746506986,0.15440281028992237,-0.04992454302948134,0.05829212751273267
68,6.786427145708583,0.14722335385935242,-0.049011849659769874,0.057512059393790164
69,6.88622754491018,0.14033037323815606,-0.048125496829731905,0.05674439608457785
70,6.986027944111776,0.13371669378521592,-0.04726446942202884,0.05598954044008001
71,7.0858283433133735,0.1273748729160506,-0.04642779417391512,0.05524779974653736
72,7.18562874251497,0.12129726477575727,-0.045614538463282,0.0545193967772353
73,7.285429141716567,0.1154760778008278,-0.04482380902576373,0.05380447985164538
74,7.385229540918163,0.10990342576573853,-0.044054750624364036,0.0531031319606817
75,7.485029940119761,0.10457137287670384,-0.043306544689739365,0.052415379021428815
76,7.584830339321357,0.09947197344033876,-0.04257840794636416,0.05174119732415199
77,7.684630738522954,0.0945973066001154,-0.04186959103726214,0.051080520232978585
78,7.7844311377245505,0.08993950659903323,-0.041179377157777725,0.05043324419956236
79,7.884231536926148,0.08549078899328,-0.04050708070694775,0.049799234146492684
80,7.984031936127744,0.08124347320917678,-0.03985204596338255,0.04917832827433663
81,8.083832335329342,0.07719000180474583,-0.03921364579114637,0.04857034234312514
82,8.183632734530939,0.07332295676779581,-0.03859128037991332,0.04797507347591064
83,8.283433133732535,0.06963507315468927,-0.03798437602264063,0.04739230352880915
84,8.383233532934131,0.0661192503479523,-0.03739238393312403,0.04682180206875433
85,8.48303393213573,0.0627685611866168,-0.036814779105060494,0.046263328997078274
86,8.582834331337326,0.05957625920064206,-0.0362510592136231,0.045716636854028755
87,8.682634730538922,0.05653578415984511,-0.03570074356003582,0.0451814728364576
88,8.782435129740518,0.0536407661284506,-0.03516337205920845,0.04465758055818695
89,8.882235528942116,0.05088502819860146,-0.03463850427014124,0.04414470157998899
90,8.982035928143713,0.04826258805977867,-0.03412571846852441,0.04364257673370517
91,9.081836327345309,0.04576765854610163,-0.033624610760729506,0.04315094726278461
92,9.181636726546905,0.04339464728972465,-0.03313479423821023,0.04266955579943616
93,9.281437125748504,0.04113815559594251,-0.032655898171191355,0.04219814719666084
94,9.3812375249501,0.03899297664418713,-0.032187567240420455,0.04173646923165507
95,9.481037924151696,0.036954093108602135,-0.031729460805682404,0.04128427319544411
96,9.580838323353294,0.03501667428233131,-0.0312812522097262,0.04084131438211111
97,9.68063872255489,0.033176072781015774,-0.0308426281162238,0.04040735248962301
98,9.780439121756487,0.03142782089305692,-0.03041328788036775,0.03998215194301107
99,9.880239520958083,0.02976762663708888,-0.029992942950715067,0.039565482149533746
100,9.980039920159681,0.028191369580536665,-0.029581316300897234,0.03915711769442403
101,10.079840319361278,0.026695096467329083,-0.029178141889837365,0.038756838484894786
102,10.179640718562874,0.025275016697386285,-0.02878316414914415,0.03836442984923619
103,10.27944111776447,0.023927497695760722,-0.028396137496386354,0.03797968259708199
104,10.379241516966069,0.022649060204885347,-0.02801682587299017,0.0376023930462389
105,10.479041916167665,0.021436373529438217,-0.027645002305543273,0.03723236302085963
106,10.578842315369261,0.020286250759787627,-0.027280448489333437,0.036869399825188776
107,10.678642714570858,0.019195643996729895,-0.02692295439299471,0.03651331619661637
108,10.778443113772456,0.018161639597341076,-0.026572317883180367,0.03616393024133111
109,10.878243512974052,0.01718145345918138,-0.026228344368228095,0.03582106535546907
110,10.978043912175648,0.016252426357683283,-0.025890846459829,0.03548455013430025
111,11.077844311377245,0.015372019349493025,-0.02555964365175761,0.035154218271679576
112,11.177644710578843,0.014537809252634377,-0.02523456201476475,0.034829908451708
113,11.27744510978044,0.013747484212625468,-0.024915433906778844,0.03451146423429935
114,11.377245508982035,0.012998839362204395,-0.024602097697603617,0.03419873393612652
115,11.477045908183634,0.012289772580958168,-0.02429439750734124,0.033891570508223424
116,11.57684630738523,0.011618280359898718,-0.023992182957809603,0.03358983141134479
117,11.676646706586826,0.010982453775001415,-0.023695308936260425,0.03329337849003137
118,11.776447105788423,0.010380474572744717,-0.02340363537074158,0.033002077846191684
119,11.87624750499002,0.009810611369820919,-0.023117027016481845,0.032715799712891486
120,11.976047904191617,0.009271215968463734,-0.022835353252709845,0.03243441832893579
121,12.075848303393213,0.008760719788181428,-0.022558487889350654,0.03215781181473572
122,12.17564870259481,0.008277630414076895,-0.02228630898307398,0.03188586204987051
123,12.275449101796408,0.007820528261442453,-0.022018698662196627,0.031618454552683646
124,12.375249500998004,0.0073880633558931685,-0.021755542959969263,0.0313554783621897
125,12.4750499001996,0.006978952227881322,-0.021496731655803562,0.03109682592251403
126,12.574850299401197,0.006591974920128907,-0.021242158124020333,0.030842392970040062
127,12.674650698602795,0.006225972106229749,-0.020991719189722556,0.03059207842339813
128,12.774451097804391,0.00587984231843748,-0.020745314991419267,0.030345784276394085
129,12.874251497005988,0.005552539282428518,-0.020502848850047085,0.030103415493945608
130,12.974051896207586,0.00524306935669447,-0.020264227144055853,0.029864879911067815
131,13.073852295409182,0.004950489074069757,-0.02002935919024342,0.029630088134927426
132,13.173652694610778,0.004673902782771918,-0.019798157130042168,0.029398953449965706
133,13.273453093812375,0.00441246038427939,-0.01957053582097647,0.029171391726074324
134,13.373253493013973,0.004165355165295434,-0.01934641273302579,0.0289473213297948
135,13.47305389221557,0.003931821720986621,-0.019125707849642983,0.028726663038500928
136,13.572854291417165,0.0037111339666826386,-0.01890834357319115,0.028509339957514354
137,13.672654690618762,0.0035026032352090852,-0.018694244634575516,0.02829527744009591
138,13.77245508982036,0.003305576457000311,-0.018483338006859175,0.028084403010249278
139,13.872255489021956,0.003119434420179144,-0.0182755528226631,0.027876646288268775
140,13.972055888223553,0.002943590107819092,-0.018070820295161848,0.02767193891895949
141,14.071856287425149,0.0027774871096012126,-0.01786907364249663,0.027470214502455247
142,14.171656686626747,0.002620598105139439,-0.017670248015437248,0.027271408527558123
143,14.271457085828343,0.00247242341630945,-0.017474280428133423,0.027075458307522057
144,14.37125748502994,0.0023324896259343205,-0.017281109691804852,0.02688230291820263
145,14.471057884231538,0.0022003482602464012,-0.017090676351227265,0.02669188313849502
146,14.570858283433134,0.0020755745326141452,-0.01690292262387962,0.026504141392982655
147,14.67065868263473,0.001957766146080455,-0.01671779234162463,0.02631902169671974
148,14.770459081836327,0.0018465421523090732,-0.016535230894801765,0.02613646960207209
149,14.870259481037925,0.0017415418646228565,-0.01635518517861818,0.025956432147541883
150,14.970059880239521,0.0016424238228731096,-0.01617760354172915,0.02577885780850357
151,15.069860279441118,0.00154886480793563,-0.01600243573690526,0.025603696449779792
152,15.169660678642714,0.0014605589037340369,-0.01582963287368901,0.025430899279988078
153,15.269461077844312,0.0013772166047199303,-0.015659147372948504,0.025260418807590886
154,15.369261477045908,0.0012985639668300012,-0.015490932923240797,0.025092208798583596
155,15.469061876247505,0.001224341800003222,-0.015324944438901866,0.024926224235757046
156,15.568862275449101,0.001154304900411849,-0.015161138019784524,0.02476242127947329
157,15.6686626746507,0.001088221320624586,-0.014999470912569571,0.02460075722989526
158,15.768463073852296,0.0010258716759793266,-0.014839901473579314,0.024441190490613083
159,15.868263473053892,0.0009670484855226903,-0.01468238913302613,0.0242836805336119
160,15.968063872255488,0.0009115555459233829,-0.014526894360632191,0.024128187865527926
161,16.067864271457086,0.0008592073368327825,-0.014373378632559611,0.023974673995141596
162,16.167664670658684,0.0008098284562251941,-0.014221804399593361,0.023823101402058507
163,16.26746506986028,0.0007632530843253739,-0.014072135056522106,0.023673433506530794
164,16.367265469061877,0.0007193244747593447,-0.013924334912664857,0.023525634640373425
165,16.46706586826347,0.0006778944716307229,-0.01377836916349388,0.023379670018931712
166,16.56686626746507,0.0006388230513106507,-0.013634203863306694,0.023235505714058073
167,16.666666666666668,0.0006019778877259934,-0.013491805898902342,0.02309310862805776
168,16.766467065868262,0.0005672339400200082,-0.013351142964219201,0.022952446468564966
169,16.86626746506986,0.000534473061512149,-0.01321218353589373,0.02281348772431223
170,16.96606786427146,0.0005035836289015586,-0.013074896849701437,0.02267620164175764
171,17.065868263473053,0.00047446019072267534,-0.012939252877843208,0.022540558202535824
172,17.16566866267465,0.00044700313411771646,-0.012805222307041883,0.022406528101700036
173,17.265469061876246,0.0004211183690156986,-0.01267277651741561,0.022274082726724168
174,17.365269461077844,0.0003967170288345769,-0.012541887562096083,0.022143194137234652
175,17.465069860279442,0.00037371518690725654,-0.012412528147561224,0.02201383504544364
176,17.564870259481037,0.0003520335878412721,-0.012284671614653318,0.021885978797255914
177,17.664670658682635,0.00033159739303366566,-0.012158291920254916,0.021759599354023246
178,17.764471057884233,0.0003123359396602397,-0.012033363619596085,0.021634671274920983
179,17.864271457085827,0.00029418251244723025,-0.011909861849167811,0.021511169699922686
180,17.964071856287426,0.0002770741275574088,-0.011787762310217479,0.021389070333349726
181,18.063872255489024,0.0002609513279889869,-0.011667041252803429,0.021268349427973652
182,18.163672654690618,0.00024575798990556777,-0.011547675460386674,0.02114898376965013
183,18.263473053892216,0.00023144113932268643,-0.011429642234938753,0.0210309506624641
184,18.36327345309381,0.00021795077860129337,-0.011312919382545706,0.020914227914366687
185,18.46307385229541,0.0002052397222835863,-0.011197485199488993,0.02079879382328523
186,18.562874251497007,0.0001932634417536014,-0.011083318458785026,0.020684627163688504
187,18.6626746506986,0.00018197991827510087,-0.010970398397165801,0.020571707173590057
188,18.7624750499002,0.00017134950396993553,-0.010858704702483865,0.020460013541973198
189,18.862275449101798,0.00016133479031295566,-0.010748217501525558,0.020349526396621957
190,18.962075848303392,0.00015190048376337653,-0.010638917348217205,0.020240226292342886
191,19.06187624750499,0.00014301328815458425,-0.010530785212209525,0.020132094199563272
192,19.16167664670659,0.00013464179348036538,-0.01042380246782623,0.020025111493291902
193,19.261477045908183,0.00012675637074277955,-0.01031795088336328,0.019919259942429084
194,19.36127744510978,0.00011932907253821984,-0.010213212610725934,0.019814521699413192
195,19.461077844311376,0.00011233353908008273,-0.010109570175391195,0.01971087929019147
196,19.560878243512974,0.00010574490937244837,-0.010007006466683791,0.019608315604503428
197,19.660678642714572,9.953973725686505e-05,-0.009905504728354357,0.01950681388646554
198,19.760479041916167,9.369591206803894e-05,-0.009805048549448869,0.019406357725446455
199,19.860279441117765,8.819258365272188e-05,-0.009705621855458934,0.019306931047222347
200,19.960079840319363,8.30100915275772e-05,-0.00960720889974287,0.019208518105402504
201,20.059880239520957,7.812989794268676e-05,-0.009509794255207977,0.019111103473115548
202,20.159680638722556,7.353452464303493e-05,-0.009413362806244763,0.019014672034947163
203,20.25948103792415,6.920749312987364e-05,-0.009317899740904276,0.0189192089791205
204,20.35928143712575,6.513326823593974e-05,-0.009223390543310013,0.018824699789910814
205,20.459081836327346,6.129720482581757e-05,-0.009129820986296267,0.018731130240286213
206,20.55888223552894,5.768549746131835e-05,-0.00903717712426506,0.018638486384766704
207,20.65868263473054,5.4285132868632064e-05,-0.008945445286254109,0.018546754552494025
208,20.758483033932137,5.1083845048416834e-05,-0.008854612069208607,0.01845592134050509
209,20.85828343313373,4.807007288920436e-05,-0.008764664331449868,0.018365973607202067
210,20.95808383233533,4.523292015582813e-05,-0.008675589186334112,0.018276898466012464
211,21.057884231536928,4.25621177052287e-05,-0.008587373996095014,0.018188683279232794
212,21.157684630738522,4.0047987821055915e-05,-0.008500006365863781,0.018101315652049664
213,21.25748502994012,3.768141054697252e-05,-0.00841347413786086,0.01801478342673235
214,21.357285429141715,3.545379190893401e-05,-0.008327765385753525,0.01792907467699117
215,21.457085828343313,3.335703391873056e-05,-0.008242868409173858,0.01784417770249615
216,21.55688622754491,3.13835062714821e-05,-0.008158771728391823,0.017760081023550697
217,21.656686626746506,2.9526019626467838e-05,-0.008075464079138343,0.01767677337591521
218,21.756487025948104,2.7777800400892542e-05,-0.00799293440757347,0.017594243705775715
219,21.856287425149702,2.6132466983399524e-05,-0.007911171865394924,0.017512481164852833
220,21.956087824351297,2.4584007282776786e-05,-0.007830165805082463,0.0174314751056465
221,22.055888223552895,2.3126757561641895e-05,-0.007749905775273687,0.0173512150768121
222,22.15568862275449,2.1755382453824437e-05,-0.007670381516267081,0.01727169081866379
223,22.255489021956087,2.0464856118495357e-05,-0.007591582955648202,0.017192892258800933
224,22.355289421157686,1.9250444461215726e-05,-0.007513500204035121,0.017114809507853775
225,22.45508982035928,1.810768836746184e-05,-0.0074361235509393196,0.01703743285534452
226,22.55489021956088,1.7032387879603276e-05,-0.007359443460738424,0.01696075276566024
227,22.654690618762476,1.6020587283607168e-05,-0.007283450568757246,0.016884759874134073
228,22.75449101796407,1.506856103696011e-05,-0.0072081356774537616,0.016809444983231336
229,22.85429141716567,1.4172800501099266e-05,-0.007133489752706764,0.01673479905883728
230,22.954091816367267,1.3330001426620464e-05,-0.0070595039202020265,0.016660813226643378
231,23.05389221556886,1.2537052159372833e-05,-0.006986169461913961,0.016587478768629055
232,23.15369261477046,1.1791022510345118e-05,-0.00691347781267982,0.016514787119635988
233,23.253493013972054,1.1089153270724622e-05,-0.006841420556863633,0.0164427298640321
234,23.353293413173652,1.0428846320098875e-05,-0.006769989425107134,0.016371298732462552
235,23.45309381237525,9.807655302842063e-06,-0.006699176291165045,0.01630048559868509
236,23.552894211576845,9.223276837372963e-06,-0.006628973168822177,0.016230282476487192
237,23.652694610778443,8.673542231464793e-06,-0.006559372208889898,0.016160681516682564
238,23.75249500998004,8.156409672604947e-06,-0.006490365696279569,0.01609167500418464
239,23.852295409181636,7.669956864567052e-06,-0.006421946047150686,0.01602325535515473
240,23.952095808383234,7.212374090413468e-06,-0.00635410580613149,0.015955415114222677
241,24.051896207584832,6.781957668819441e-06,-0.006286837643609925,0.015888146951777843
242,24.151696606786427,6.377103791192646e-06,-0.006220134353092852,0.015821443661328326
243,24.251497005988025,5.996302715279467e-06,-0.006153988848631547,0.0157552981569265
244,24.35129740518962,5.6381332888064735e-06,-0.006088394162311523,0.015689703470658845
245,24.451097804391217,5.301257787833875e-06,-0.0060233434418048345,0.015624652750198262
246,24.550898203592816,4.984417062591591e-06,-0.005958829947983038,0.015560139256417057
247,24.65069860279441,4.686425951488111e-06,-0.005894847052589073,0.015496156361058826
248,24.75049900199601,4.406168966594084e-06,-0.005831388235966363,0.015432697544467576
249,24.850299401197606,4.1425962285549415e-06,-0.005768447084843519,0.015369756393372427
250,24.9500998003992,3.894719636240574e-06,-0.005706017290173045,0.015307326598726334
251,25.0499001996008,3.661609253048268e-06,-0.00564409264502253,0.01524540195359728
252,25.149700598802394,3.442389910976454e-06,-0.005582667042516833,0.015183976351110476
253,25.24950099800399,3.236238009470755e-06,-0.005521734473829843,0.015123043782440115
254,25.34930139720559,3.0423784930925977e-06,-0.005461289026224411,0.015062598334849322
255,25.449101796407184,2.860082011474563e-06,-0.005401324881139122,0.015002634189776919
256,25.548902195608783,2.6886622442752256e-06,-0.0053418363123206,0.014943145620969739
257,25.64870259481038,2.5274733782027197e-06,-0.0052828176840000905,0.014884126992659213
258,25.748502994011975,2.3759077270706148e-06,-0.005224263449113098,0.014825572757781008
259,25.848303393213573,2.233393503326879e-06,-0.005166168147560898,0.014767477456236543
260,25.94810379241517,2.099392705545375e-06,-0.005108526404512777,0.01470983571319523
261,26.047904191616766,1.9733991396883163e-06,-0.005051332928747898,0.014652642237436342
262,26.147704590818364,1.854936544530037e-06,-0.0049945825110357086,0.014595891819729425
263,26.24750499001996,1.743556837008924e-06,-0.004938270022553852,0.01453957933125221
264,26.347305389221557,1.6388384541360672e-06,-0.00488239041334258,0.014483699722045022
265,26.447105788423155,1.5403847921996923e-06,-0.004826938710794675,0.014428248019500711
266,26.54690618762475,1.447822740542097e-06,-0.004771910018179946,0.014373219326889146
267,26.646706586826348,1.360801295682647e-06,-0.004717299513203369,0.014318608821915352
268,26.746506986027946,1.2789902586899301e-06,-0.004663102446595986,0.014264411755310418
269,26.84630738522954,1.2020790089788708e-06,-0.004609314140737696,0.014210623449454283
270,26.94610778443114,1.1297753562597839e-06,-0.004555929988311098,0.014157239297029584
271,27.045908183632733,1.0618044457491035e-06,-0.004502945450985573,0.014104254759705729
272,27.14570858283433,9.979077383037716e-07,-0.004450356058130812,0.014051665366852437
273,27.24550898203593,9.378420478698645e-07,-0.0043981574055590306,0.013999466714281948
274,27.345309381237524,8.813786376595542e-07,-0.004346345154295125,0.01394765446301918
275,27.44510978043912,8.2830235907389e-07,-0.00429491502937404,0.013896224338099098
276,27.54491017964072,7.784108554870047e-07,-0.004243862818664663,0.013845172127390601
277,27.644710578842314,7.315138029096432e-07,-0.004193184371719547,0.01379449368044626
278,27.744510978043913,6.874321977775362e-07,-0.004142875598649819,0.013744184907377215
279,27.84431137724551,6.45997686767064e-07,-0.004092932469024626,0.013694241777752622
280,27.944111776447105,6.070519415885758e-07,-0.004043351010794493,0.013644660319523017
281,28.043912175648703,5.704460590801318e-07,-0.003994127309237992,0.01359543661796698
282,28.143712574850298,5.360400055512131e-07,-0.003945257505931142,0.01354656681466054
283,28.243512974051896,5.037020922452043e-07,-0.0038967377977389564,0.013498047106468713
284,28.343313373253494,4.733084782401421e-07,-0.0038485644358285938,0.013449873744558668
285,28.44311377245509,4.4474270638251835e-07,-0.003800733724703575,0.013402043033433926
286,28.542914171656687,4.178952644893481e-07,-0.003753242021258536,0.013354551329989132
287,28.642714570858285,3.9266317298399345e-07,-0.003706085733854017,0.01330739504258483
288,28.74251497005988,3.689495990030723e-07,-0.003659261321410787,0.013260570630141789
289,28.842315369261478,3.466634921249234e-07,-0.0036127652925232296,0.013214074601254398
290,28.942115768463076,3.257192368556256e-07,-0.003566594204591323,0.013167903513322638
291,29.04191616766467,3.060363280716515e-07,-0.003520744662970756,0.0131220539717022
292,29.14171656686627,2.8753907613932223e-07,-0.0034752133201407464,0.013076522628872303
293,29.241516966067863,2.7015631335577845e-07,-0.0034299968748891262,0.013031306183620783
294,29.34131736526946,2.538211251045536e-07,-0.0033850920715142838,0.012986401380246029
295,29.44111776447106,2.3847059993532607e-07,-0.0033404956990435515,0.012941805007775375
296,29.540918163672654,2.2404558836030628e-07,-0.0032962045904676492,0.01289751389919954
297,29.64071856287425,2.1049048276380744e-07,-0.0032522156219907975,0.012853524930722749
298,29.74051896207585,1.9775300043480296e-07,-0.003208525712296129,0.012809835021028133
299,29.840319361277444,1.8578399305198788e-07,-0.003165131821826034,0.012766441130558085
300,29.940119760479043,1.745372501330987e-07,-0.0031220309520770895,0.012723340260809181
301,30.039920159680637,1.639693315023298e-07,-0.0030792201449092228,0.01268052945364135
302,30.139720558882235,1.540394012252457e-07,-0.0030366964818687838,0.012638005790600941
303,30.239520958083833,1.4470906864480239e-07,-0.002994457083525192,0.012595766392257377
304,30.339321357285428,1.3594225006306533e-07,-0.0029524991088208464,0.012553808417553056
305,30.439121756487026,1.2770502014369047e-07,-0.0029108197544339895,0.01251212906316622
306,30.538922155688624,1.1996548739135283e-07,-0.0028694162541542238,0.012470725562886474
307,30.63872255489022,1.1269367814726116e-07,-0.0028282858782703894,0.012429595187002656
308,30.738522954091817,1.0586141764942092e-07,-0.002787425932970519,0.0123887352417028
309,30.838323353293415,9.944221801493064e-08,-0.0027468337597535905,0.012348143068485884
310,30.93812375249501,9.341118370747731e-08,-0.0027065067348528114,0.012307816043585116
311,31.037924151696608,8.774491653957275e-08,-0.002666442268670169,0.012267751577402484
312,31.137724550898202,8.242142179221278e-08,-0.0026266378052219913,0.012227947113954314
313,31.2375249500998,7.742002671840999e-08,-0.002587090821595269,0.0121884001303276
314,31.3373253493014,7.272130150461427e-08,-0.0025477988274144985,0.012149108136146836
315,31.437125748502993,6.830698447370533e-08,-0.002508759364318803,0.012110068673051146
316,31.53692614770459,6.415991020169761e-08,-0.002469970005449109,0.012071279314181458
317,31.63672654690619,6.026394898774792e-08,-0.0024314283549451464,0.0120327376636775
318,31.736526946107784,5.6603941356999505e-08,-0.0023931320474520562,0.011994441356184413
319,31.836327345309382,5.316563654315718e-08,-0.002355078747636396,0.011956388056368757
320,31.936127744510976,4.993564381417477e-08,-0.0023172661497113264,0.01191857545844369
321,32.035928143712574,4.6901380634633764e-08,-0.002279691976970785,0.01188100128570315
322,32.13572854291417,4.405101937649562e-08,-0.002242353981332445,0.011843663290064813
323,32.23552894211577,4.137344479446995e-08,-0.002205249942889265,0.011806559251621636
324,32.33532934131737,3.885821341191942e-08,-0.0021683776694694464,0.01176968697820182
325,32.43512974051896,3.649550801216986e-08,-0.0021317349962046107,0.011733044304936985
326,32.53493013972056,3.4276104955101006e-08,-0.0020953197851060214,0.011696629093838397
327,32.634730538922156,3.219133612407483e-08,-0.0020591299246486743,0.01166043923338105
328,32.734530938123754,3.023305705384373e-08,-0.002023163329363086,0.011624472638095464
329,32.83433133732535,2.8393615167717472e-08,-0.0019874179394346173,0.011588727248166996
330,32.93413173652694,2.6665818078052713e-08,-0.0019518917203101666,0.011553201029042545
331,33.03393213572854,2.504290893950948e-08,-0.0019165826623120776,0.011517891971044457
332,33.13373253493014,2.3518535722047824e-08,-0.0018814887802591075,0.011482798088991488
333,33.23353293413174,2.208673097639828e-08,-0.0018466081130943035,0.011447917421826685
334,33.333333333333336,2.074188735769235e-08,-0.001811938723519644,0.011413248032252027
335,33.43313373253493,1.947873834498658e-08,-0.0017774786976372996,0.011378788006369683
336,33.532934131736525,1.8292334639576334e-08,-0.0017432261445973736,0.011344535453329758
337,33.63273453093812,1.7178024592191916e-08,-0.0017091791962519887,0.011310488504984374
338,33.73253493013972,1.613143959239894e-08,-0.0016753360068155847,0.01127664531554797
339,33.83233532934132,1.514847311262128e-08,-0.0016416947525312968,0.011243004061263683
340,33.93213572854292,1.4225267848055631e-08,-0.0016082536313432915,0.011209562940075678
341,34.03193612774451,1.3358199752146408e-08,-0.001575010862574932,0.011176320171307319
342,34.131736526946106,1.2543861565951886e-08,-0.001541964686612655,0.011143273995345043
343,34.231536926147704,1.177905445337772e-08,-0.0015091133645954407,0.01111042267332783
344,34.3313373253493,1.106077546920725e-08,-0.0014764551781097602,0.011077764486842149
345,34.4311377245509,1.0386201206733474e-08,-0.0014439884288898889,0.011045297737622278
346,34.53093812375249,9.752677881203665e-09,-0.0014117114385234746,0.011013020747255865
347,34.63073852295409,9.157714646676222e-09,-0.0013796225481622544,0.010980931856894645
348,34.73053892215569,8.5989689474155e-09,-0.0013477201182378158,0.010949029426970206
349,34.830339321357286,8.07424064462267e-09,-0.0013160025281822984,0.01091731183691469
350,34.930139720558884,7.58146295925008e-09,-0.0012844681761539376,0.010885777484886328
351,35.02994011976048,7.118697194831485e-09,-0.0012531154787673515,0.010854424787499742
352,35.12974051896207,6.684118897059532e-09,-0.0012219428708284768,0.010823252179560868
353,35.22954091816367,6.276014148424657e-09,-0.0011909488050740598,0.010792258113806451
354,35.32934131736527,5.8927750085610535e-09,-0.0011601317519156107,0.010761441060648002
355,35.42914171656687,5.532889791940651e-09,-0.0011294901991877348,0.010730799507920127
356,35.528942115768466,5.194939111211198e-09,-0.0010990226519007498,0.010700331960633143
357,35.62874251497006,4.8775879879296995e-09,-0.0010687276319975081,0.010670036940729901
358,35.728542914171655,4.57958469640373e-09,-0.0010386036781143378,0.01063991298684673
359,35.82834331337325,4.299751192659649e-09,-0.0010086493453460234,0.010609958654078416
360,35.92814371257485,4.0369831172602075e-09,-0.0009788632050147456,0.010580172513747137
361,36.02794411177645,3.790243079786281e-09,-0.0009492438444429029,0.010550553153175294
362,36.12774451097805,3.558555611450956e-09,-0.0009197898667297395,0.010521099175462132
363,36.22754491017964,3.3410020839094455e-09,-0.0008904998905317046,0.010491809199264096
364,36.327345309381236,3.136722094010656e-09,-0.0008613725498464719,0.010462681858578864
365,36.427145708582835,2.9449094997347854e-09,-0.000832406493800546,0.010433715802532937
366,36.52694610778443,2.764802049177817e-09,-0.0008036003864403887,0.01040490969517278
367,36.62674650698603,2.595687223373052e-09,-0.0007749529065269962,0.010376262215259389
368,36.72654690618762,2.4368979161267197e-09,-0.0007464627473338619,0.010347772056066256
369,36.82634730538922,2.2878057693560152e-09,-0.0007181286164482571,0.010319437925180652
370,36.92614770459082,2.147817839109812e-09,-0.0006899492355757703,0.010291258544308166
371,37.025948103792416,2.0163810864497364e-09,-0.0006619233403480395,0.010263232649080434
372,37.125748502994014,1.892972430868959e-09,-0.0006340496801336187,0.010235358988866013
373,37.22554890219561,1.7771027516103213e-09,-0.0006063270178519182,0.010207636326584313
374,37.3253493013972,1.6683125928009413e-09,-0.0005787541297901615,0.010180063438522556
375,37.4251497005988,1.5661686088967782e-09,-0.0005513298054233002,0.010152639114155695
376,37.5249500998004,1.470267052576342e-09,-0.0005240528472368338,0.01012536215596923
377,37.624750499002,1.3802298108279547e-09,-0.0004969220705524775,0.010098231379284874
378,37.724550898203596,1.2956966419558695e-09,-0.0004699363033566265,0.010071245612089023
379,37.82435129740519,1.2163314009616462e-09,-0.00044309438613156297,0.01004440369486396
380,37.924151696606785,1.14181741777195e-09,-0.0004163951716893559,0.010017704480421753
381,38.02395209580838,1.0718620457455335e-09,-0.0003898375250084036,0.009991146833740801
382,38.12375249500998,1.0061835776502356e-09,-0.0003634203230725698,0.009964729631804968
383,38.22355289421158,9.44522100192095e-10,-0.0003371424547128651,0.009938451763445263
384,38.32335329341318,8.866350185150337e-10,-0.0003110028204516275,0.009912312129184026
385,38.42315369261477,8.322909417092923e-10,-0.00028500033234915556,0.009886309641081554
386,38.522954091816366,7.812708194400196e-10,-0.00025913391385275046,0.009860443222585148
387,38.622754491017965,7.333733795989711e-10,-0.00023340249964812077,0.009834711808380518
388,38.72255489021956,6.884085023158336e-10,-0.00020780503551310898,0.009809114344245506
389,38.82235528942116,6.461948157537826e-10,-0.00018234047817369662,0.009783649786906094
390,38.92215568862275,6.065633817996684e-10,-0.00015700779516224627,0.009758317103894644
391,39.02195608782435,5.693584719037758e-10,-0.00013180596467794167,0.009733115273410338
392,39.12175648702595,5.344323492981733e-10,-0.00010673397544938432,0.00970804328418178
393,39.221556886227546,5.016452967341449e-10,-8.179082659930821e-05,0.009683100135331704
394,39.321357285429144,4.708675925765622e-10,-5.69755275113765e-05,0.009658284836243772
395,39.421157684630735,4.41974277593781e-10,-3.228709769902024e-05,0.009633596406431416
396,39.52095808383233,4.148496175615669e-10,-7.724566676284106e-06,0.009609033875408679
397,39.62075848303393,3.8938700282959867e-10,1.6713026169356132e-05,0.009584596282563038
398,39.72055888223553,3.654846424058327e-10,4.1026631702240664e-05,0.009560282677030154
399,39.82035928143713,3.430463698387476e-10,6.521719116187089e-05,0.009536092117570524
400,39.920159680638726,3.219836262981407e-10,8.928563628438629e-05,0.009512023672448008
401,40.01996007984032,3.022124452278042e-10,0.00011323288942220582,0.009488076419310189
402,40.119760479041915,2.8365303827591287e-10,0.00013705986366186718,0.009464249445070528
403,40.21956087824351,2.6623069548056207e-10,0.00016076746294009357,0.009440541845792303
404,40.31936127744511,2.4987696040601015e-10,0.0001843565821581214,0.009416952726574276
405,40.41916167664671,2.345249976959554e-10,0.00020782810729431646,0.00939348120143808
406,40.5189620758483,2.2011276547173523e-10,0.00023118291551511147,0.009370126393217285
407,40.6187624750499,2.0658454316177576e-10,0.0002544218752842914,0.009346887433448105
408,40.7185628742515,1.9388930931259253e-10,0.00027754584647065645,0.00932376346226174
409,40.818363273453095,1.8197440483096696e-10,0.0003005556804540918,0.009300753628278305
410,40.91816367265469,1.7079080978187963e-10,0.0003234522202300684,0.009277857088502327
411,41.01796407185629,1.6029268034366446e-10,0.00034623630051260556,0.00925507300821979
412,41.11776447105788,1.504387482566388e-10,0.0003689087478357191,0.009232400560896676
413,41.21756487025948,1.4118868981583833e-10,0.0003914703806533817,0.009209838928079014
414,41.31736526946108,1.3250759918403074e-10,0.0004139220094380215,0.009187387299294374
415,41.417165668662676,1.2435986675864545e-10,0.00043626443677758286,0.009165044871954813
416,41.516966067864274,1.167118817799778e-10,0.00045849845747117444,0.00914281085126122
417,41.616766467065865,1.0953353654620184e-10,0.0004806248586233276,0.009120684450109067
418,41.71656686626746,1.0279646831096021e-10,0.00050264441973689,0.009098664888995505
419,41.81636726546906,9.647211053652759e-11,0.0005245579128045764,0.00907675139592782
420,41.91616766467066,9.053555158067486e-11,0.0005463661023991993,0.009054943206333196
421,42.01596806387226,8.496392071127602e-11,0.0005680697457626017,0.009033239562969794
422,42.115768463073856,7.973468388847556e-11,0.0005896695928933142,0.009011639715839083
423,42.21556886227545,7.48269522769835e-11,0.0006111663866329571,0.00899014292209944
424,42.315369261477045,7.022082752739724e-11,0.0006325608627514083,0.008968748445980989
425,42.41516966067864,6.589848243871688e-11,0.0006538537500307587,0.008947455558701639
426,42.51497005988024,6.184156335371717e-11,0.0006750457703480733,0.008926263538384323
427,42.61477045908184,5.803371082885779e-11,0.0006961376387569795,0.008905171669975417
428,42.71457085828343,5.445940584462892e-11,0.0007171300635681013,0.008884179245164296
429,42.81437125748503,5.110481021161135e-11,0.0007380237464283576,0.008863285562304039
430,42.91417165668663,4.7955042077066184e-11,0.0007588193823991451,0.008842489926333252
431,43.013972055888225,4.499795582279101e-11,0.0007795176600334223,0.008821791648698974
432,43.11377245508982,4.2224270636361736e-11,0.0008001192614517134,0.008801190047280683
433,43.21357285429142,3.9621350528014186e-11,0.0008206248624170496,0.008780684446315346
434,43.31337325349301,3.7177783632671115e-11,0.0008410351324088653,0.00876027417632353
435,43.41317365269461,3.4883205703827965e-11,0.0008613507346958653,0.008739958574036531
436,43.51297405189621,3.273039450323867e-11,0.0008815723264078815,0.008719736982324516
437,43.612774451097806,3.070924883859109e-11,0.0009017005586067329,0.008699608750125664
438,43.712574850299404,2.881359723871569e-11,0.0009217360763561073,0.00867957323237629
439,43.812375249500995,2.7034927506815878e-11,0.0009416795187904791,0.008659629789941918
440,43.91217564870259,2.5365143770313086e-11,0.0009615315191830783,0.008639777789549318
441,44.01197604790419,2.3799828211105884e-11,0.0009812927050129288,0.008620016603719468
442,44.11177644710579,2.2332968088515644e-11,0.001000963698030966,0.008600345610701431
443,44.21157684630739,2.0954232969610722e-11,0.0010205451143252527,0.008580764194407144
444,44.31137724550898,1.9658165561566165e-11,0.0010400375643853056,0.008561271744347091
445,44.41117764471058,1.8442235279791513e-11,0.0010594416531655472,0.00854186765556685
446,44.510978043912175,1.729969230403623e-11,0.0010787579801478956,0.008522551328584501
447,44.61077844311377,1.622651763104918e-11,0.0010979871394035088,0.008503322169328888
448,44.71057884231537,1.522132237290378e-11,0.001117129719653693,0.008484179589078704
449,44.81037924151697,1.427804933733544e-11,0.0011361863043299909,0.008465123004402407
450,44.91017964071856,1.3390317172681905e-11,0.0011551574716334614,0.008446151837098936
451,45.00998003992016,1.2557125833609794e-11,0.0011740437945931652,0.008427265514139233
452,45.10978043912176,1.1776358501705874e-11,0.0011928458411238655,0.008408463467608531
453,45.209580838323355,1.104213236732298e-11,0.0012115641740829595,0.008389745134649438
454,45.30938123752495,1.0352448178625029e-11,0.0012301993513266496,0.008371109957405748
455,45.409181636726544,9.706507053380118e-12,0.0012487519257653693,0.008352557382967028
456,45.50898203592814,9.09969116307016e-12,0.0012672224454184722,0.008334086863313925
457,45.60878243512974,8.530365154976954e-12,0.0012856114534681973,0.0083156978552642
458,45.70858283433134,7.997267864676565e-12,0.0013039194883129217,0.008297389820419476
459,45.808383233532936,7.49547098318524e-12,0.001322147083619711,0.008279162225112687
460,45.908183632734534,7.0226737738824145e-12,0.0013402947683761783,0.00826101454035622
461,46.007984031936125,6.579181325892162e-12,0.0013583630669416632,0.008242946241790736
462,46.10778443113772,6.163213847747151e-12,0.0013763524990977399,0.00822495680963466
463,46.20758483033932,5.772035687304118e-12,0.001394263580098066,0.008207045728634335
464,46.30738522954092,5.405255833491765e-12,0.0014120968207175797,0.00818921248801482
465,46.40718562874252,5.059357847944575e-12,0.0014298527273010598,0.008171456581431341
466,46.50698602794411,4.7351910786613574e-12,0.0014475318018110524,0.008153777506921348
467,46.60678642714571,4.431458881928313e-12,0.0014651345418751783,0.008136174766857221
468,46.706586826347305,4.145518761665755e-12,0.0014826614408328283,0.008118647867899571
469,46.8063872255489,3.8756017218944146e-12,0.0015001129877812566,0.008101196320951144
470,46.9061876247505,3.621994984114329e-12,0.0015174896676210803,0.00808381964111132
471,47.0059880239521,3.384231897668747e-12,0.0015347919611011954,0.008066517347631204
472,47.10578842315369,3.1598497808255584e-12,0.0015520203448631165,0.008049288963869283
473,47.20558882235529,2.9494841632421063e-12,0.0015691752914847494,0.00803213401724765
474,47.30538922155689,2.7516158130519996e-12,0.0015862572695236057,0.008015052039208792
475,47.405189620758485,2.564159722692156e-12,0.001603266743559466,0.007998042565172931
476,47.50499001996008,2.386783807104322e-12,0.0016202041742365027,0.007981105134495894
477,47.604790419161674,2.2196664186344077e-12,0.0016370700183048665,0.00796423929042753
478,47.70459081836327,2.0617529126302606e-12,0.0016538647286617485,0.00794744458007065
479,47.80439121756487,1.9145071155972203e-12,0.0016705887543919226,0.007930720554340475
480,47.90419161676647,1.7762298489263768e-12,0.0016872425408077782,0.007914066767924619
481,48.003992015968066,1.6447999432442984e-12,0.001703826529488848,0.007897482779243549
482,48.103792415169664,1.5214654994910761e-12,0.001720341158320841,0.007880968150411557
483,48.203592814371255,1.4060271754541153e-12,0.0017367868615341864,0.007864522447198211
484,48.30339321357285,1.2945480289231622e-12,0.0017531640697420953,0.007848145238990302
485,48.40319361277445,1.1895756361310599e-12,0.0017694732099781492,0.007831836098754248
486,48.50299401197605,1.0904268161382556e-12,0.001785714705733419,0.007815594602998977
487,48.60279441117765,9.943355678931043e-13,0.0018018889769931246,0.007799420331739272
488,48.70259481037924,9.004407961736618e-13,0.0018179964402728391,0.0077833128684595574
489,48.80239520958084,8.123683631724657e-13,0.0018340375086542452,0.007767271800078151
490,48.902195608782435,7.301207199734952e-13,0.0018500125918204516,0.007751296716911945
491,49.00199600798403,6.484511233670998e-13,0.001865922096090873,0.007735387212641524
492,49.10179640718563,5.701318817976728e-13,0.0018817664244556824,0.007719542884276715
493,49.20159680638722,4.947788463932221e-13,0.0018975459766098401,0.007703763332122557
494,49.30139720558882,4.20659812763064e-13,0.0019132611489867065,0.00768804815974569
495,49.40119760479042,3.4858929382612705e-13,0.0019289123347912445,0.007672396973941152
496,49.50099800399202,2.7920314067690085e-13,0.0019444999240328163,0.00765680938469958
497,49.600798403193615,2.0952249383404592e-13,0.0019600243035575826,0.007641285005174814
498,49.70059880239521,1.3866047736148042e-13,0.0019754858570805067,0.00762582345165189
499,49.800399201596804,6.921946619580445e-14,0.0019908849652169724,0.007610424343515425
500,49.9001996007984,0.0,0.002006222005514018,0.00759508730321838
